URL,ページ情報
https://smocca.jp,S!トップページ,
https://smocca.jp/tokyo,S!検索ページ（東京）,
https://smocca.jp/kanagawa,S!検索ページ（神奈川）,
https://smocca.jp/bukken/detail/z_2_064458357884d5a81abf5bf41d29fe29,S!詳細ページ-z_2_06445,
https://smocca.jp/bukken/detail/z_2_47a23d62b51d3e0ec765a1a2e8be7436,S!詳細ページ-z_2_47a23,
https://smocca.jp/bukken/detail/z_2_5856204809fb956dfe3fd0ecb542d370,S!詳細ページ-z_2_58562,
https://smocca.jp/bukken/detail/z_2_6429ef2dddf54a47cc67963d675b935c,S!詳細ページ-z_2_6429e,
https://smocca.jp/bukken/detail/z_2_6d7d29bab007e7d8606a038e2cac1e8e,S!詳細ページ-z_2_6d7d2,
https://smocca.jp/bukken/detail/z_2_7318c0a247c643169593b5a778715448,S!詳細ページ-z_2_7318c,
https://smocca.jp/bukken/detail/z_2_7696c5aece649416a65e3e77a535f7c4,S!詳細ページ-z_2_7696c,
https://smocca.jp/bukken/detail/z_2_a44d5ec13d964caab0f3ddc1677128e0,S!詳細ページ-z_2_a44d5,
https://smocca.jp/bukken/detail/z_2_cb6803c2b64083e7143c5fd3cade5cf6,S!詳細ページ-z_2_cb680,
https://smocca.jp/bukken/detail/z_2_d8f2100f67be9f7dce6683b97935cb81,S!詳細ページ-z_2_d8f21,
https://smocca.jp/bukken/detail/z_2_e7f8c2e86e0ce78e1b94a88693f351e0,S!詳細ページ-z_2_e7f8c,
https://smocca.jp/bukken/detail/z_2_00b57bd076ce1fbd38ea4afa497b611e,S!詳細ページ-z_2_00b57,
https://smocca.jp/bukken/detail/z_2_039886aefbdaf0cf6745170c8f52cd55,S!詳細ページ-z_2_03988,
https://smocca.jp/bukken/detail/z_2_03b6df23e5101946cc79531d2249790c,S!詳細ページ-z_2_03b6d,
https://kuruma-ex.jp/usedcar/search/result/keyword/自社ローン大阪,中古車EX（自社ローン 大阪）,
https://kuruma-ex.jp/usedcar/search/result/keyword/軽トラ/order/1/per_page/50,中古車EX（軽トラ）,
https://kuruma-ex.jp/usedcar/search/result/keyword/カスタム車,中古車EX（カスタム車）,
https://kuruma-ex.jp/usedcar/search/result/keyword/VIPカー,中古車EX（VIPカー）,
https://kuruma-ex.jp/usedcar/search/result/keyword/クラウン/order/4,中古車EX（クラウン）,
https://kuruma-ex.jp/usedcar/search/result/maker/NI/keyword/旧車/order/2,中古車EX（NI-旧車）,
https://kuruma-ex.jp/usedcar/search/result/maker/BM/keyword/カスタム/body/S/per_page/10,中古車EX（BM-カスタム）,
https://kuruma-ex.jp/usedcar/search/result/maker/AD/keyword/カスタム/body/S/per_page/10,中古車EX（AD-カスタム）,
https://kuruma-ex.jp/usedcar/search/result/maker/TO/keyword/旧車/order/4,中古車EX（TO-旧車）,
https://kuruma-ex.jp/usedcar/search/result/keyword/左ハンドル,中古車EX（左ハンドル）,
https://kuruma-ex.jp/usedcar/search/result/keyword/未使用車/pref/80/body/K,中古車EX（未使用車）,
https://kuruma-ex.jp/usedcar/search/result/keyword/5人乗り,中古車EX（5人乗り）,
https://kuruma-ex.jp/usedcar/search/result/maker/DA/keyword/4WD/body/K,中古車EX（DA-4WD）,
https://kuruma-ex.jp/usedcar/search/result/keyword/エアサス/body/M,中古車EX（エアサス）,
https://kuruma-ex.jp/usedcar/search/result/keyword/リトラクタブルヘッドライト,中古車EX（リトラクタブルヘッドライト）,
https://kuruma-ex.jp/usedcar/search/result/keyword/ダブルキャブ,中古車EX（ダブルキャブ）,
https://kuruma-ex.jp/usedcar/search/result/keyword/スポーツカー,中古車EX（スポーツカー）,
https://kuruma-ex.jp/usedcar/search/result/keyword/ジムニー ja22/order/6,中古車EX（ジムニー）,
https://kuruma-ex.jp/usedcar/search/result/keyword/ハイエース/order/4,中古車EX（ハイエース）,
https://kuruma-ex.jp/usedcar/search/result/keyword/コンプリートカー,中古車EX（コンプリートカー）,
https://kuruma-ex.jp/usedcar/search/result/keyword/ハイドロ,中古車EX（ハイドロ）,
https://kuruma-ex.jp/usedcar/search/result/keyword/マットブラック,中古車EX（マットブラック）,
https://kuruma-ex.jp/usedcar/search/result/keyword/4WD/order/4,中古車EX（4WD）,
https://kuruma-ex.jp/usedcar/search/result/keyword/2シーター,中古車EX（2シーター）,
https://kuruma-ex.jp/usedcar/search/result/keyword/レトロ,中古車EX（レトロ）,
https://kuruma-ex.jp/usedcar/search/result/keyword/CVT車,中古車EX（CVT車）,